{
    "confidence_score": 0.7935251593589783,
    "ptm": 0.6922395825386047,
    "iptm": 0.8142651915550232,
    "ligand_iptm": 0.0,
    "protein_iptm": 0.8142650723457336,
    "complex_plddt": 0.7883400917053223,
    "complex_pde": 4.509832859039307,
    "chains_ptm": {
        "0": 0.5051671266555786,
        "1": 0.8510072231292725
    },
    "pair_chains_iptm": {
        "0": {
            "0": 0.5051671266555786,
            "1": 0.495979905128479
        },
        "1": {
            "0": 0.8142650723457336,
            "1": 0.8510072231292725
        }
    }
}